peptide_id,sequence,modification,strain,strain_type,mic,mic_unit,mic_relation,medium,cfu_per_ml,ph,salt
AMP1,LFGSRAKKYGKEAKQEKSFQYPKSSFVACKKKWKRSKHFFKTFKKKVS,N-term Met (CFPS),Bacillus subtilis 168,gram+,,uM,,,,,
AMP1,LFGSRAKKYGKEAKQEKSFQYPKSSFVACKKKWKRSKHFFKTFKKKVS,N-term Met (CFPS),Escherichia coli K12,gram-,,uM,,,,,
AMP2,WLKMRKCCGCGFKYCLKCVQKKGRIFKTLGKAKMWPKWFFKIGGKC,N-term Met (CFPS),Bacillus subtilis 168,gram+,,uM,,,,,
AMP2,WLKMRKCCGCGFKYCLKCVQKKGRIFKTLGKAKMWPKWFFKIGGKC,N-term Met (CFPS),Escherichia coli K12,gram-,,uM,,,,,
AMP3,NNRGPLGRRFKARRKWKKFVAGKMKKKRKRFKGFKKKGGFTPFVKKFV,N-term Met (CFPS),Bacillus subtilis 168,gram+,,uM,,,,,
AMP3,NNRGPLGRRFKARRKWKKFVAGKMKKKRKRFKGFKKKGGFTPFVKKFV,N-term Met (CFPS),Escherichia coli K12,gram-,,uM,,,,,
AMP4,EPFSKRFFLVFFKARCKCFFIFKSWFLFFFFFTFLVRRKKGVKQFFYE,N-term Met (CFPS),Bacillus subtilis 168,gram+,,uM,,,,,
AMP4,EPFSKRFFLVFFKARCKCFFIFKSWFLFFFFFTFLVRRKKGVKQFFYE,N-term Met (CFPS),Escherichia coli K12,gram-,,uM,,,,,
AMP5,RRKTPVKWKTFFKALKHKKKIFKKTFEKFKFLAKGPAFLKGFDQKLKS,N-term Met (CFPS),Bacillus subtilis 168,gram+,,uM,,,,,
AMP5,RRKTPVKWKTFFKALKHKKKIFKKTFEKFKFLAKGPAFLKGFDQKLKS,N-term Met (CFPS),Escherichia coli K12,gram-,,uM,,,,,
AMP6,YLKKFLALKNSLKKLSPFKCAVKSWLKKCAEVTFYSKLLGRRGKKDGN,N-term Met (CFPS),Bacillus subtilis 168,gram+,,uM,,,,,
AMP6,YLKKFLALKNSLKKLSPFKCAVKSWLKKCAEVTFYSKLLGRRGKKDGN,N-term Met (CFPS),Escherichia coli K12,gram-,,uM,,,,,
AMP7,RNFFKKTRLKYKGKKELIKKSRAFGLKTKKRSGFFFPRALKYEEEFY,N-term Met (CFPS),Bacillus subtilis 168,gram+,,uM,,,,,
AMP7,RNFFKKTRLKYKGKKELIKKSRAFGLKTKKRSGFFFPRALKYEEEFY,N-term Met (CFPS),Escherichia coli K12,gram-,,uM,,,,,
AMP8,WFKWEWRPWFPSIFKKKYLAASNTEAKLCVKSKCYAKVGKGFAVILCF,N-term Met (CFPS),Bacillus subtilis 168,gram+,,uM,,,,,
AMP8,WFKWEWRPWFPSIFKKKYLAASNTEAKLCVKSKCYAKVGKGFAVILCF,N-term Met (CFPS),Escherichia coli K12,gram-,,uM,,,,,
AMP9,GWWFPPKTGNGAGKAFKKAAAAKWGGLFLKAAWFANKGEWGGGFPKGY,N-term Met (CFPS),Bacillus subtilis 168,gram+,,uM,,,,,
AMP9,GWWFPPKTGNGAGKAFKKAAAAKWGGLFLKAAWFANKGEWGGGFPKGY,N-term Met (CFPS),Escherichia coli K12,gram-,,uM,,,,,
AMP10,CFCFKAGPKICRGLQRKKKKFKYQTSFTKTGFGFLTKPKSPAR,N-term Met (CFPS),Bacillus subtilis 168,gram+,,uM,,,,,
AMP10,CFCFKAGPKICRGLQRKKKKFKYQTSFTKTGFGFLTKPKSPAR,N-term Met (CFPS),Escherichia coli K12,gram-,,uM,,,,,
AMP11,KKFIANGIGARACAKIGGFVKKGKMAKKKAAKAVKFVFKNGGKSKTKC,N-term Met (CFPS),Bacillus subtilis 168,gram+,,uM,,,,,
AMP11,KKFIANGIGARACAKIGGFVKKGKMAKKKAAKAVKFVFKNGGKSKTKC,N-term Met (CFPS),Escherichia coli K12,gram-,,uM,,,,,
AMP12,WFDRKKFFWPGVCLFLLFFPKRFYKKGPEKVFSFRKKYKFARKCKCKL,N-term Met (CFPS),Bacillus subtilis 168,gram+,,uM,,,,,
AMP12,WFDRKKFFWPGVCLFLLFFPKRFYKKGPEKVFSFRKKYKFARKCKCKL,N-term Met (CFPS),Escherichia coli K12,gram-,,uM,,,,,
AMP13,KQPSKTKTHFKYFLLFLKSVKKVAGFKKKKKKYHWRSYKEGSCFRKRT,N-term Met (CFPS),Bacillus subtilis 168,gram+,,uM,,,,,
AMP13,KQPSKTKTHFKYFLLFLKSVKKVAGFKKKKKKYHWRSYKEGSCFRKRT,N-term Met (CFPS),Escherichia coli K12,gram-,,uM,,,,,
AMP14,KEKKFFFFCFKKRRGFYKRRFFCKTTCFTYCFYKPRGTKTMPYVFSE,N-term Met (CFPS),Bacillus subtilis 168,gram+,,uM,,,,,
AMP14,KEKKFFFFCFKKRRGFYKRRFFCKTTCFTYCFYKPRGTKTMPYVFSE,N-term Met (CFPS),Escherichia coli K12,gram-,,uM,,,,,
AMP15,EAFKKKPRLPLFKVKLTRFLERARGLGSYRIFEFFKKFGVKKFVSSLR,N-term Met (CFPS),Bacillus subtilis 168,gram+,,uM,,,,,
AMP15,EAFKKKPRLPLFKVKLTRFLERARGLGSYRIFEFFKKFGVKKFVSSLR,N-term Met (CFPS),Escherichia coli K12,gram-,,uM,,,,,
AMP16,KAKKWFESLFKTFFKKGKGIYPKSSFEKEKKTDKKKKFGGWVWFKK,N-term Met (CFPS),Bacillus subtilis 168,gram+,,uM,,,,,
AMP16,KAKKWFESLFKTFFKKGKGIYPKSSFEKEKKTDKKKKFGGWVWFKK,N-term Met (CFPS),Escherichia coli K12,gram-,,uM,,,,,
AMP17,WIKWKKPRKWGRRLKKKEKEELGDYIYLYCKVYRLFGFLPYFISKKTA,N-term Met (CFPS),Bacillus subtilis 168,gram+,,uM,,,,,
AMP17,WIKWKKPRKWGRRLKKKEKEELGDYIYLYCKVYRLFGFLPYFISKKTA,N-term Met (CFPS),Escherichia coli K12,gram-,,uM,,,,,
AMP18,CFFPRRKSKVKVKGGLCRLLFIFFKTTFCFKAKTKKEIKKGTGKKIVR,N-term Met (CFPS),Bacillus subtilis 168,gram+,,uM,,,,,
AMP18,CFFPRRKSKVKVKGGLCRLLFIFFKTTFCFKAKTKKEIKKGTGKKIVR,N-term Met (CFPS),Escherichia coli K12,gram-,,uM,,,,,
AMP19,CFCRYRFFYRRRIRFFKWGPYFYVWFGFPFGRKAFFLSVFRRRFC,N-term Met (CFPS),Bacillus subtilis 168,gram+,,uM,,,,,
AMP19,CFCRYRFFYRRRIRFFKWGPYFYVWFGFPFGRKAFFLSVFRRRFC,N-term Met (CFPS),Escherichia coli K12,gram-,,uM,,,,,
AMP20,RGRPPKRIRSVIIAQTTTATAKKIVIVLLLIFSSSKRRR,N-term Met (CFPS),Bacillus subtilis 168,gram+,,uM,,,,,
AMP20,RGRPPKRIRSVIIAQTTTATAKKIVIVLLLIFSSSKRRR,N-term Met (CFPS),Escherichia coli K12,gram-,,uM,,,,,
AMP21,GIGKFQKMRFIGAIRASKGVAKGLLRIAAIRTGRRALTT,N-term Met (CFPS),Bacillus subtilis 168,gram+,,uM,,,,,
AMP21,GIGKFQKMRFIGAIRASKGVAKGLLRIAAIRTGRRALTT,N-term Met (CFPS),Escherichia coli K12,gram-,,uM,,,,,
AMP22,GFSGILIKIALGIISISASISVVNTVIFFVVNGFGGVINFL,N-term Met (CFPS),Bacillus subtilis 168,gram+,,uM,,,,,
AMP22,GFSGILIKIALGIISISASISVVNTVIFFVVNGFGGVINFL,N-term Met (CFPS),Escherichia coli K12,gram-,,uM,,,,,
AMP23,STRSSSIRRLVEAVRTRFRAALRTVLFFALRTTKRRPRR,N-term Met (CFPS),Bacillus subtilis 168,gram+,,uM,,,,,
AMP23,STRSSSIRRLVEAVRTRFRAALRTVLFFALRTTKRRPRR,N-term Met (CFPS),Escherichia coli K12,gram-,,uM,,,,,
AMP24,AIRIIGRLARVRARVVARVRSRLLADDPPEDLLRVARRRKGRRWLFLS,N-term Met (CFPS),Bacillus subtilis 168,gram+,,uM,,,,,
AMP24,AIRIIGRLARVRARVVARVRSRLLADDPPEDLLRVARRRKGRRWLFLS,N-term Met (CFPS),Escherichia coli K12,gram-,,uM,,,,,
AMP25,ATKTLFWWNNSCKNKTTIGIAVDAALFGIIRSSFTAFY,N-term Met (CFPS),Bacillus subtilis 168,gram+,,uM,,,,,
AMP25,ATKTLFWWNNSCKNKTTIGIAVDAALFGIIRSSFTAFY,N-term Met (CFPS),Escherichia coli K12,gram-,,uM,,,,,
AMP26,KLRRRLRTRMVALLVLGVLFLLMLFFIIFLRRMLMRRFRA,N-term Met (CFPS),Bacillus subtilis 168,gram+,,uM,,,,,
AMP26,KLRRRLRTRMVALLVLGVLFLLMLFFIIFLRRMLMRRFRA,N-term Met (CFPS),Escherichia coli K12,gram-,,uM,,,,,
AMP27,NTTSNMIHRAVQQKRISFRAAKLTVLFLFKRRLLRRLLRHHEN,N-term Met (CFPS),Bacillus subtilis 168,gram+,,uM,,,,,
AMP27,NTTSNMIHRAVQQKRISFRAAKLTVLFLFKRRLLRRLLRHHEN,N-term Met (CFPS),Escherichia coli K12,gram-,,uM,,,,,
AMP28,MKIRNTLRSRKEAVRRIFSLRRRSVFTEMARAFRRFKAR,N-term Met (CFPS),Bacillus subtilis 168,gram+,,uM,,,,,
AMP28,MKIRNTLRSRKEAVRRIFSLRRRSVFTEMARAFRRFKAR,N-term Met (CFPS),Escherichia coli K12,gram-,,uM,,,,,
AMP29,KKKKKGILKQNNKKKKYTLFNRMVVFLFLGFIMIIFVQKYKKVIYHK,N-term Met (CFPS),Bacillus subtilis 168,gram+,,uM,,,,,
AMP29,KKKKKGILKQNNKKKKYTLFNRMVVFLFLGFIMIIFVQKYKKVIYHK,N-term Met (CFPS),Escherichia coli K12,gram-,,uM,,,,,
AMP30,GFGLWGLFHFKMNVPNLFKNGFIFLIIMIFTVWGLFFGKKKAYIEKFL,N-term Met (CFPS),Bacillus subtilis 168,gram+,,uM,,,,,
AMP30,GFGLWGLFHFKMNVPNLFKNGFIFLIIMIFTVWGLFFGKKKAYIEKFL,N-term Met (CFPS),Escherichia coli K12,gram-,,uM,,,,,
