peptide_id,sequence,modification,strain,strain_type,mic,mic_unit,mic_relation,medium,cfu_per_ml,ph,salt
Olabogan,GRLIKFIKKAWRKFIEKFAK,,Staphylococcus aureus ATCC 33591,gram+,32.0,ug/mL,=,MHB,,,
Olabogan,GRLIKFIKKAWRKFIEKFAK,,Escherichia coli ATCC 25922,gram-,64.0,ug/mL,=,MHB,,,
Olabogan,GRLIKFIKKAWRKFIEKFAK,,Escherichia coli ATCC 43827,gram-,32.0,ug/mL,=,MHB,,,
Olabogan,GRLIKFIKKAWRKFIEKFAK,,Acinetobacter baumannii ATCC BAA 1605,gram-,32.0,ug/mL,=,MHB,,,
Olabogan,GRLIKFIKKAWRKFIEKFAK,,Pseudomonas aeruginosa ATCC 9027,gram-,64.0,ug/mL,=,MHB,,,
Ratigan,GRILKFIKKAWRKIHLKFDK,,Staphylococcus aureus ATCC 33591,gram+,64.0,ug/mL,=,MHB,,,
Ratigan,GRILKFIKKAWRKIHLKFDK,,Escherichia coli ATCC 25922,gram-,32.0,ug/mL,=,MHB,,,
Ratigan,GRILKFIKKAWRKIHLKFDK,,Escherichia coli ATCC 43827,gram-,4.0,ug/mL,=,MHB,,,
Ratigan,GRILKFIKKAWRKIHLKFDK,,Acinetobacter baumannii ATCC BAA 1605,gram-,8.0,ug/mL,=,MHB,,,
Ratigan,GRILKFIKKAWRKIHLKFDK,,Pseudomonas aeruginosa ATCC 9027,gram-,32.0,ug/mL,=,MHB,,,
Rudyxin,GRLLKFIKKAQRKFVEKFAK,,Staphylococcus aureus ATCC 33591,gram+,512.0,ug/mL,=,MHB,,,
Rudyxin,GRLLKFIKKAQRKFVEKFAK,,Escherichia coli ATCC 25922,gram-,128.0,ug/mL,=,MHB,,,
Rudyxin,GRLLKFIKKAQRKFVEKFAK,,Escherichia coli ATCC 43827,gram-,8.0,ug/mL,=,MHB,,,
Rudyxin,GRLLKFIKKAQRKFVEKFAK,,Acinetobacter baumannii ATCC BAA 1605,gram-,16.0,ug/mL,=,MHB,,,
Rudyxin,GRLLKFIKKAQRKFVEKFAK,,Pseudomonas aeruginosa ATCC 9027,gram-,64.0,ug/mL,=,MHB,,,
Armaganan,GQLNKFIKKAWRKFFEKFAK,,Staphylococcus aureus ATCC 33591,gram+,64.0,ug/mL,=,MHB,,,
Armaganan,GQLNKFIKKAWRKFFEKFAK,,Escherichia coli ATCC 25922,gram-,8.0,ug/mL,=,MHB,,,
Armaganan,GQLNKFIKKAWRKFFEKFAK,,Escherichia coli ATCC 43827,gram-,8.0,ug/mL,=,MHB,,,
Armaganan,GQLNKFIKKAWRKFFEKFAK,,Acinetobacter baumannii ATCC BAA 1605,gram-,4.0,ug/mL,=,MHB,,,
Armaganan,GQLNKFIKKAWRKFFEKFAK,,Pseudomonas aeruginosa ATCC 9027,gram-,32.0,ug/mL,=,MHB,,,
Sophieganan,GWLNKIIKKAWRKFHEIFSK,,Staphylococcus aureus ATCC 33591,gram+,4.0,ug/mL,=,MHB,,,
Sophieganan,GWLNKIIKKAWRKFHEIFSK,,Escherichia coli ATCC 25922,gram-,4.0,ug/mL,=,MHB,,,
Sophieganan,GWLNKIIKKAWRKFHEIFSK,,Escherichia coli ATCC 43827,gram-,8.0,ug/mL,=,MHB,,,
Sophieganan,GWLNKIIKKAWRKFHEIFSK,,Acinetobacter baumannii ATCC BAA 1605,gram-,2.0,ug/mL,=,MHB,,,
Sophieganan,GWLNKIIKKAWRKFHEIFSK,,Pseudomonas aeruginosa ATCC 9027,gram-,32.0,ug/mL,=,MHB,,,
Piomiren,GRLNKFIKKAWRKFVLKFAK,,Staphylococcus aureus ATCC 33591,gram+,32.0,ug/mL,=,MHB,,,
Piomiren,GRLNKFIKKAWRKFVLKFAK,,Escherichia coli ATCC 25922,gram-,8.0,ug/mL,=,MHB,,,
Piomiren,GRLNKFIKKAWRKFVLKFAK,,Escherichia coli ATCC 43827,gram-,8.0,ug/mL,=,MHB,,,
Piomiren,GRLNKFIKKAWRKFVLKFAK,,Acinetobacter baumannii ATCC BAA 1605,gram-,4.0,ug/mL,=,MHB,,,
Piomiren,GRLNKFIKKAWRKFVLKFAK,,Pseudomonas aeruginosa ATCC 9027,gram-,16.0,ug/mL,=,MHB,,,
Syphaxin-TI4,GVLELLKGAAKDLAGHVATKVLKKI,,Staphylococcus aureus ATCC 33591,gram+,512.0,ug/mL,=,MHB,,,
Syphaxin-TI4,GVLELLKGAAKDLAGHVATKVLKKI,,Escherichia coli ATCC 25922,gram-,256.0,ug/mL,=,MHB,,,
Syphaxin-TI4,GVLELLKGAAKDLAGHVATKVLKKI,,Escherichia coli ATCC 43827,gram-,512.0,ug/mL,=,MHB,,,
Syphaxin-TI4,GVLELLKGAAKDLAGHVATKVLKKI,,Acinetobacter baumannii ATCC BAA 1605,gram-,64.0,ug/mL,=,MHB,,,
Syphaxin-TI4,GVLELLKGAAKDLAGHVATKVLKKI,,Pseudomonas aeruginosa ATCC 9027,gram-,512.0,ug/mL,=,MHB,,,
Killixin,GVLDNLKSAAKDLAGHLATKVIKKI,,Staphylococcus aureus ATCC 33591,gram+,8.0,ug/mL,=,MHB,,,
Killixin,GVLDNLKSAAKDLAGHLATKVIKKI,,Escherichia coli ATCC 25922,gram-,32.0,ug/mL,=,MHB,,,
Killixin,GVLDNLKSAAKDLAGHLATKVIKKI,,Escherichia coli ATCC 43827,gram-,32.0,ug/mL,=,MHB,,,
Killixin,GVLDNLKSAAKDLAGHLATKVIKKI,,Acinetobacter baumannii ATCC BAA 1605,gram-,16.0,ug/mL,=,MHB,,,
Killixin,GVLDNLKSAAKDLAGHLATKVIKKI,,Pseudomonas aeruginosa ATCC 9027,gram-,64.0,ug/mL,=,MHB,,,
Syphaxin-TII6,GVLEILKGAAKDLAGHVATKVIKKI,,Staphylococcus aureus ATCC 33591,gram+,512.0,ug/mL,=,MHB,,,
Syphaxin-TII6,GVLEILKGAAKDLAGHVATKVIKKI,,Escherichia coli ATCC 25922,gram-,256.0,ug/mL,=,MHB,,,
Syphaxin-TII6,GVLEILKGAAKDLAGHVATKVIKKI,,Escherichia coli ATCC 43827,gram-,512.0,ug/mL,=,MHB,,,
Syphaxin-TII6,GVLEILKGAAKDLAGHVATKVIKKI,,Acinetobacter baumannii ATCC BAA 1605,gram-,64.0,ug/mL,=,MHB,,,
Syphaxin-TII6,GVLEILKGAAKDLAGHVATKVIKKI,,Pseudomonas aeruginosa ATCC 9027,gram-,512.0,ug/mL,=,MHB,,,
Syphaxin-TII7,GVLEILKSAAKDLAGHVATKVIKKI,,Staphylococcus aureus ATCC 33591,gram+,512.0,ug/mL,=,MHB,,,
Syphaxin-TII7,GVLEILKSAAKDLAGHVATKVIKKI,,Escherichia coli ATCC 25922,gram-,256.0,ug/mL,=,MHB,,,
Syphaxin-TII7,GVLEILKSAAKDLAGHVATKVIKKI,,Escherichia coli ATCC 43827,gram-,512.0,ug/mL,=,MHB,,,
Syphaxin-TII7,GVLEILKSAAKDLAGHVATKVIKKI,,Acinetobacter baumannii ATCC BAA 1605,gram-,64.0,ug/mL,=,MHB,,,
Syphaxin-TII7,GVLEILKSAAKDLAGHVATKVIKKI,,Pseudomonas aeruginosa ATCC 9027,gram-,512.0,ug/mL,=,MHB,,,
Syphaxin-TII8,GVIDHLKGGAKDLAGHVATKVIKKI,,Staphylococcus aureus ATCC 33591,gram+,512.0,ug/mL,=,MHB,,,
Syphaxin-TII8,GVIDHLKGGAKDLAGHVATKVIKKI,,Escherichia coli ATCC 25922,gram-,512.0,ug/mL,>,MHB,,,
Syphaxin-TII8,GVIDHLKGGAKDLAGHVATKVIKKI,,Escherichia coli ATCC 43827,gram-,512.0,ug/mL,=,MHB,,,
Syphaxin-TII8,GVIDHLKGGAKDLAGHVATKVIKKI,,Acinetobacter baumannii ATCC BAA 1605,gram-,512.0,ug/mL,=,MHB,,,
Syphaxin-TII8,GVIDHLKGGAKDLAGHVATKVIKKI,,Pseudomonas aeruginosa ATCC 9027,gram-,512.0,ug/mL,=,MHB,,,
Syphaxin-TIII5,GVIDFLKGAAKDLAGHVATKVIKKL,,Staphylococcus aureus ATCC 33591,gram+,512.0,ug/mL,=,MHB,,,
Syphaxin-TIII5,GVIDFLKGAAKDLAGHVATKVIKKL,,Escherichia coli ATCC 25922,gram-,256.0,ug/mL,=,MHB,,,
Syphaxin-TIII5,GVIDFLKGAAKDLAGHVATKVIKKL,,Escherichia coli ATCC 43827,gram-,512.0,ug/mL,=,MHB,,,
Syphaxin-TIII5,GVIDFLKGAAKDLAGHVATKVIKKL,,Acinetobacter baumannii ATCC BAA 1605,gram-,64.0,ug/mL,=,MHB,,,
Syphaxin-TIII5,GVIDFLKGAAKDLAGHVATKVIKKL,,Pseudomonas aeruginosa ATCC 9027,gram-,512.0,ug/mL,=,MHB,,,
Varsavian,IGKLFKRIHERIKRFLRVFLRRLR,,Staphylococcus aureus ATCC 33591,gram+,32.0,ug/mL,=,MHB,,,
Varsavian,IGKLFKRIHERIKRFLRVFLRRLR,,Escherichia coli ATCC 25922,gram-,64.0,ug/mL,=,MHB,,,
Varsavian,IGKLFKRIHERIKRFLRVFLRRLR,,Escherichia coli ATCC 43827,gram-,64.0,ug/mL,=,MHB,,,
Varsavian,IGKLFKRIHERIKRFLRVFLRRLR,,Acinetobacter baumannii ATCC BAA 1605,gram-,32.0,ug/mL,=,MHB,,,
Varsavian,IGKLFKRIHERIKRFLRVFLRRLR,,Pseudomonas aeruginosa ATCC 9027,gram-,128.0,ug/mL,=,MHB,,,
OP-145-TI3,IGKLFKRIHLRIKRFLRELVRQLR,,Staphylococcus aureus ATCC 33591,gram+,512.0,ug/mL,=,MHB,,,
OP-145-TI3,IGKLFKRIHLRIKRFLRELVRQLR,,Escherichia coli ATCC 25922,gram-,256.0,ug/mL,=,MHB,,,
OP-145-TI3,IGKLFKRIHLRIKRFLRELVRQLR,,Escherichia coli ATCC 43827,gram-,256.0,ug/mL,=,MHB,,,
OP-145-TI3,IGKLFKRIHLRIKRFLRELVRQLR,,Acinetobacter baumannii ATCC BAA 1605,gram-,64.0,ug/mL,=,MHB,,,
OP-145-TI3,IGKLFKRIHLRIKRFLRELVRQLR,,Pseudomonas aeruginosa ATCC 9027,gram-,512.0,ug/mL,=,MHB,,,
Papan,IGKLFKRIVERIRRFVRSFLRTLR,,Staphylococcus aureus ATCC 33591,gram+,32.0,ug/mL,=,MHB,,,
Papan,IGKLFKRIVERIRRFVRSFLRTLR,,Escherichia coli ATCC 25922,gram-,64.0,ug/mL,=,MHB,,,
Papan,IGKLFKRIVERIRRFVRSFLRTLR,,Escherichia coli ATCC 43827,gram-,32.0,ug/mL,=,MHB,,,
Papan,IGKLFKRIVERIRRFVRSFLRTLR,,Acinetobacter baumannii ATCC BAA 1605,gram-,32.0,ug/mL,=,MHB,,,
Papan,IGKLFKRIVERIRRFVRSFLRTLR,,Pseudomonas aeruginosa ATCC 9027,gram-,128.0,ug/mL,=,MHB,,,
OP-145-TII4,IGKLFKRIVERIKRFLRVLLRILR,,Staphylococcus aureus ATCC 33591,gram+,128.0,ug/mL,=,MHB,,,
OP-145-TII4,IGKLFKRIVERIKRFLRVLLRILR,,Escherichia coli ATCC 25922,gram-,256.0,ug/mL,=,MHB,,,
OP-145-TII4,IGKLFKRIVERIKRFLRVLLRILR,,Escherichia coli ATCC 43827,gram-,256.0,ug/mL,=,MHB,,,
OP-145-TII4,IGKLFKRIVERIKRFLRVLLRILR,,Acinetobacter baumannii ATCC BAA 1605,gram-,256.0,ug/mL,=,MHB,,,
OP-145-TII4,IGKLFKRIVERIKRFLRVLLRILR,,Pseudomonas aeruginosa ATCC 9027,gram-,256.0,ug/mL,=,MHB,,,
OP-145-TII5,IGKLFKRIHERIKRFLRSFLRILR,,Staphylococcus aureus ATCC 33591,gram+,64.0,ug/mL,=,MHB,,,
OP-145-TII5,IGKLFKRIHERIKRFLRSFLRILR,,Escherichia coli ATCC 25922,gram-,64.0,ug/mL,=,MHB,,,
OP-145-TII5,IGKLFKRIHERIKRFLRSFLRILR,,Escherichia coli ATCC 43827,gram-,64.0,ug/mL,=,MHB,,,
OP-145-TII5,IGKLFKRIHERIKRFLRSFLRILR,,Acinetobacter baumannii ATCC BAA 1605,gram-,64.0,ug/mL,=,MHB,,,
OP-145-TII5,IGKLFKRIHERIKRFLRSFLRILR,,Pseudomonas aeruginosa ATCC 9027,gram-,128.0,ug/mL,=,MHB,,,
OP-145-TIII4,IGKEFKRIHERIKRFLRELLRHLR,,Staphylococcus aureus ATCC 33591,gram+,128.0,ug/mL,=,MHB,,,
OP-145-TIII4,IGKEFKRIHERIKRFLRELLRHLR,,Escherichia coli ATCC 25922,gram-,64.0,ug/mL,=,MHB,,,
OP-145-TIII4,IGKEFKRIHERIKRFLRELLRHLR,,Escherichia coli ATCC 43827,gram-,64.0,ug/mL,=,MHB,,,
OP-145-TIII4,IGKEFKRIHERIKRFLRELLRHLR,,Acinetobacter baumannii ATCC BAA 1605,gram-,64.0,ug/mL,=,MHB,,,
OP-145-TIII4,IGKEFKRIHERIKRFLRELLRHLR,,Pseudomonas aeruginosa ATCC 9027,gram-,128.0,ug/mL,=,MHB,,,
Alacemycin,ILRWIWKIWRRW,,Staphylococcus aureus ATCC 33591,gram+,8.0,ug/mL,=,MHB,,,
Alacemycin,ILRWIWKIWRRW,,Escherichia coli ATCC 25922,gram-,32.0,ug/mL,=,MHB,,,
Alacemycin,ILRWIWKIWRRW,,Escherichia coli ATCC 43827,gram-,16.0,ug/mL,=,MHB,,,
Alacemycin,ILRWIWKIWRRW,,Acinetobacter baumannii ATCC BAA 1605,gram-,8.0,ug/mL,=,MHB,,,
Alacemycin,ILRWIWKIWRRW,,Pseudomonas aeruginosa ATCC 9027,gram-,32.0,ug/mL,=,MHB,,,
Suselkan,GLRWIWKIWRRL,,Staphylococcus aureus ATCC 33591,gram+,4.0,ug/mL,=,MHB,,,
Suselkan,GLRWIWKIWRRL,,Escherichia coli ATCC 25922,gram-,8.0,ug/mL,=,MHB,,,
Suselkan,GLRWIWKIWRRL,,Escherichia coli ATCC 43827,gram-,4.0,ug/mL,=,MHB,,,
Suselkan,GLRWIWKIWRRL,,Acinetobacter baumannii ATCC BAA 1605,gram-,4.0,ug/mL,=,MHB,,,
Suselkan,GLRWIWKIWRRL,,Pseudomonas aeruginosa ATCC 9027,gram-,16.0,ug/mL,=,MHB,,,
Omiganan-TII10,ILRWPWRIWRR,,Staphylococcus aureus ATCC 33591,gram+,64.0,ug/mL,=,MHB,,,
Omiganan-TII10,ILRWPWRIWRR,,Escherichia coli ATCC 25922,gram-,64.0,ug/mL,=,MHB,,,
Omiganan-TII10,ILRWPWRIWRR,,Escherichia coli ATCC 43827,gram-,64.0,ug/mL,=,MHB,,,
Omiganan-TII10,ILRWPWRIWRR,,Acinetobacter baumannii ATCC BAA 1605,gram-,256.0,ug/mL,=,MHB,,,
Omiganan-TII10,ILRWPWRIWRR,,Pseudomonas aeruginosa ATCC 9027,gram-,128.0,ug/mL,=,MHB,,,
Centaxin,LLRWIWRPWRR,,Staphylococcus aureus ATCC 33591,gram+,32.0,ug/mL,=,MHB,,,
Centaxin,LLRWIWRPWRR,,Escherichia coli ATCC 25922,gram-,32.0,ug/mL,=,MHB,,,
Centaxin,LLRWIWRPWRR,,Escherichia coli ATCC 43827,gram-,32.0,ug/mL,=,MHB,,,
Centaxin,LLRWIWRPWRR,,Acinetobacter baumannii ATCC BAA 1605,gram-,256.0,ug/mL,=,MHB,,,
Centaxin,LLRWIWRPWRR,,Pseudomonas aeruginosa ATCC 9027,gram-,64.0,ug/mL,=,MHB,,,
Omiganan-TII12,ILRKPWRIWRR,,Staphylococcus aureus ATCC 33591,gram+,512.0,ug/mL,=,MHB,,,
Omiganan-TII12,ILRKPWRIWRR,,Escherichia coli ATCC 25922,gram-,64.0,ug/mL,=,MHB,,,
Omiganan-TII12,ILRKPWRIWRR,,Escherichia coli ATCC 43827,gram-,64.0,ug/mL,=,MHB,,,
Omiganan-TII12,ILRKPWRIWRR,,Acinetobacter baumannii ATCC BAA 1605,gram-,512.0,ug/mL,=,MHB,,,
Omiganan-TII12,ILRKPWRIWRR,,Pseudomonas aeruginosa ATCC 9027,gram-,512.0,ug/mL,=,MHB,,,
Gedanan,FLRRFWRIWRR,,Staphylococcus aureus ATCC 33591,gram+,8.0,ug/mL,=,MHB,,,
Gedanan,FLRRFWRIWRR,,Escherichia coli ATCC 25922,gram-,32.0,ug/mL,=,MHB,,,
Gedanan,FLRRFWRIWRR,,Escherichia coli ATCC 43827,gram-,32.0,ug/mL,=,MHB,,,
Gedanan,FLRRFWRIWRR,,Acinetobacter baumannii ATCC BAA 1605,gram-,32.0,ug/mL,=,MHB,,,
Gedanan,FLRRFWRIWRR,,Pseudomonas aeruginosa ATCC 9027,gram-,16.0,ug/mL,=,MHB,,,
Hydraganan-1,GVGKKLWFALKKPLGLVKFFKLL,,Staphylococcus aureus ATCC 33591,gram+,8.0,ug/mL,=,MHB,,,
Hydraganan-1,GVGKKLWFALKKPLGLVKFFKLL,,Escherichia coli ATCC 25922,gram-,8.0,ug/mL,=,MHB,,,
Hydraganan-1,GVGKKLWFALKKPLGLVKFFKLL,,Escherichia coli ATCC 43827,gram-,16.0,ug/mL,=,MHB,,,
Hydraganan-1,GVGKKLWFALKKPLGLVKFFKLL,,Acinetobacter baumannii ATCC BAA 1605,gram-,4.0,ug/mL,=,MHB,,,
Hydraganan-1,GVGKKLWFALKKPLGLVKFFKLL,,Pseudomonas aeruginosa ATCC 9027,gram-,32.0,ug/mL,=,MHB,,,
Hydraganan-2,GIGKFLKFALKKGLGLVLKFKL,,Staphylococcus aureus ATCC 33591,gram+,32.0,ug/mL,=,MHB,,,
Hydraganan-2,GIGKFLKFALKKGLGLVLKFKL,,Escherichia coli ATCC 25922,gram-,128.0,ug/mL,=,MHB,,,
Hydraganan-2,GIGKFLKFALKKGLGLVLKFKL,,Escherichia coli ATCC 43827,gram-,128.0,ug/mL,=,MHB,,,
Hydraganan-2,GIGKFLKFALKKGLGLVLKFKL,,Acinetobacter baumannii ATCC BAA 1605,gram-,32.0,ug/mL,=,MHB,,,
Hydraganan-2,GIGKFLKFALKKGLGLVLKFKL,,Pseudomonas aeruginosa ATCC 9027,gram-,128.0,ug/mL,=,MHB,,,
HydrAMP-Unc-1,HWKRIFGIWK,,Staphylococcus aureus ATCC 33591,gram+,256.0,ug/mL,>,MHB,,,
HydrAMP-Unc-1,HWKRIFGIWK,,Escherichia coli ATCC 25922,gram-,256.0,ug/mL,>,MHB,,,
HydrAMP-Unc-2,GALKLLAKWA,,Staphylococcus aureus ATCC 33591,gram+,256.0,ug/mL,>,MHB,,,
HydrAMP-Unc-2,GALKLLAKWA,,Escherichia coli ATCC 25922,gram-,256.0,ug/mL,>,MHB,,,
HydrAMP-Unc-3,PWKLWLKRW,,Staphylococcus aureus ATCC 33591,gram+,256.0,ug/mL,>,MHB,,,
HydrAMP-Unc-3,PWKLWLKRW,,Escherichia coli ATCC 25922,gram-,256.0,ug/mL,>,MHB,,,
HydrAMP-Unc-4,IKLALKW,,Staphylococcus aureus ATCC 33591,gram+,256.0,ug/mL,>,MHB,,,
HydrAMP-Unc-4,IKLALKW,,Escherichia coli ATCC 25922,gram-,256.0,ug/mL,>,MHB,,,
HydrAMP-Unc-5,FRVKLMLKK,,Staphylococcus aureus ATCC 33591,gram+,256.0,ug/mL,>,MHB,,,
HydrAMP-Unc-5,FRVKLMLKK,,Escherichia coli ATCC 25922,gram-,256.0,ug/mL,>,MHB,,,
HydrAMP-Unc-6,GWGLSLNKLVFLW,,Staphylococcus aureus ATCC 33591,gram+,256.0,ug/mL,>,MHB,,,
HydrAMP-Unc-6,GWGLSLNKLVFLW,,Escherichia coli ATCC 25922,gram-,256.0,ug/mL,>,MHB,,,
HydrAMP-Unc-7,FNWLKSIKWSSK,,Staphylococcus aureus ATCC 33591,gram+,256.0,ug/mL,>,MHB,,,
HydrAMP-Unc-7,FNWLKSIKWSSK,,Escherichia coli ATCC 25922,gram-,256.0,ug/mL,>,MHB,,,
HydrAMP-Unc-8,IPLWWRPELNKLG,,Staphylococcus aureus ATCC 33591,gram+,256.0,ug/mL,>,MHB,,,
HydrAMP-Unc-8,IPLWWRPELNKLG,,Escherichia coli ATCC 25922,gram-,256.0,ug/mL,>,MHB,,,
