Name	Sequence	S. aureus  ATCC 33591	E. coli  ATCC 25922	E. coli  ATCC 43827	A. baumanii  ATCC BAA 1605	P. aeruginosa  ATCC 9027
Olabogan	GRLIKFIKKAWRKFIEKFAK	32	64	32	32	64
Ratigan	GRILKFIKKAWRKIHLKFDK	64	32	4	8	32
Rudyxin	GRLLKFIKKAQRKFVEKFAK	512	128	8	16	64
Armaganan	GQLNKFIKKAWRKFFEKFAK	64	8	8	4	32
Sophieganan	GWLNKIIKKAWRKFHEIFSK	4	4	8	2	32
Piomiren	GRLNKFIKKAWRKFVLKFAK	32	8	8	4	16
Syphaxin-TI4	GVLELLKGAAKDLAGHVATKVLKKI	512	256	512	64	512
Killixin	GVLDNLKSAAKDLAGHLATKVIKKI	8	32	32	16	64
Syphaxin-TII6	GVLEILKGAAKDLAGHVATKVIKKI	512	256	512	64	512
Syphaxin-TII7	GVLEILKSAAKDLAGHVATKVIKKI	512	256	512	64	512
Syphaxin-TII8	GVIDHLKGGAKDLAGHVATKVIKKI	512	>512	512	512	512
Syphaxin-TIII5	GVIDFLKGAAKDLAGHVATKVIKKL	512	256	512	64	512
Varsavian 	IGKLFKRIHERIKRFLRVFLRRLR	32	64	64	32	128
OP-145-TI3	IGKLFKRIHLRIKRFLRELVRQLR	512	256	256	64	512
Papan	IGKLFKRIVERIRRFVRSFLRTLR	32	64	32	32	128
OP-145-TII4	IGKLFKRIVERIKRFLRVLLRILR	128	256	256	256	256
OP-145-TII5	IGKLFKRIHERIKRFLRSFLRILR	64	64	64	64	128
OP-145-TIII4	IGKEFKRIHERIKRFLRELLRHLR	128	64	64	64	128
Alacemycin	ILRWIWKIWRRW	8	32	16	8	32
Suselkan	GLRWIWKIWRRL	4	8	4	4	16
Omiganan-TII10	ILRWPWRIWRR	64	64	64	256	128
Centaxin	LLRWIWRPWRR	32	32	32	256	64
Omiganan-TII12	ILRKPWRIWRR	512	64	64	512	512
Gedanan	FLRRFWRIWRR	8	32	32	32	16
Hydraganan-1	GVGKKLWFALKKPLGLVKFFKLL	8	8	16	4	32
Hydraganan-2	GIGKFLKFALKKGLGLVLKFKL	32	128	128	32	128
HydrAMP-Unc-1	HWKRIFGIWK	>256	>256	-	-	-
HydrAMP-Unc-2	GALKLLAKWA	>256	>256	-	-	-
HydrAMP-Unc-3	PWKLWLKRW	>256	>256	-	-	-
HydrAMP-Unc-4	IKLALKW	>256	>256	-	-	-
HydrAMP-Unc-5	FRVKLMLKK	>256	>256	-	-	-
HydrAMP-Unc-6	GWGLSLNKLVFLW	>256	>256	-	-	-
HydrAMP-Unc-7	FNWLKSIKWSSK	>256	>256	-	-	-
HydrAMP-Unc-8	IPLWWRPELNKLG	>256	>256	-	-	-